test_set,filter_type,mean_accuracy,mean_f1,AUAU1_precision,AUAU1_recall,AUAU1_f1,AUAU2_precision,AUAU2_recall,AUAU2_f1,AUAU4_precision,AUAU4_recall,AUAU4_f1,AUAU6_precision,AUAU6_recall,AUAU6_f1,AUAU7_precision,AUAU7_recall,AUAU7_f1,AUAU10_precision,AUAU10_recall,AUAU10_f1,AUAU12_precision,AUAU12_recall,AUAU12_f1,AUAU14_precision,AUAU14_recall,AUAU14_f1,AUAU15_precision,AUAU15_recall,AUAU15_f1,AUAU17_precision,AUAU17_recall,AUAU17_f1,AUAU23_precision,AUAU23_recall,AUAU23_f1,AUAU24_precision,AUAU24_recall,AUAU24_f1
test2,original,0.9066666662693024,0.5407975771561854,0.0,0.0,0.0,0.0,0.0,0.0,0.9999999900000002,0.9999999900000002,0.9999994900002502,0.5208333224826391,0.9999999600000016,0.68493103771844,0.9999999787234047,0.886792436098256,0.9399994830002644,0.9999999897959185,0.9799999902000002,0.9898984799512781,0.9999999600000016,0.9259258916323744,0.9615379252961186,0.7653061146397335,0.9999999866666669,0.8670515219355249,0.0,0.0,0.0,0.3902438929208807,0.8421052188365674,0.5333328827781252,0.0,0.0,0.0,0.99999990000001,0.3448275743162905,0.512820105194224
test2,low,0.8608333313465119,0.5300109838838613,0.0,0.0,0.0,0.0,0.0,0.0,0.9999999894736844,0.9499999905000002,0.9743584646945366,0.5434782490548207,0.9999999600000016,0.7042248760169572,0.9999999736842113,0.7169811185475261,0.8351643303951631,0.9999999885057473,0.8699999913000002,0.9304807758874806,0.5294117543252598,0.9999999629629643,0.6923072218937852,0.7499999925,0.9999999866666669,0.8571423575513002,0.0,0.0,0.0,0.34545453917355384,0.9999999473684238,0.5135131179695984,0.0,0.0,0.0,0.7435897245233405,0.9999999655172426,0.8529406621975126
test2,high,0.7491666686534881,0.33617202429625603,0.0,0.0,0.0,0.0,0.0,0.0,0.0,0.0,0.0,0.6666666481481487,0.9599999616000015,0.7868847363614904,0.9999999333333378,0.2830188625845498,0.44117611375458454,0.9999999900000002,0.9999999900000002,0.9999994900002502,0.38805969570060156,0.9629629272976693,0.5531910681306752,0.7555555471604939,0.906666654577778,0.8242419183841369,0.0,0.0,0.0,0.3243243155588023,0.6315789141274255,0.42857096492393526,0.0,0.0,0.0,0.0,0.0,0.0
