test_set,model_type,filter_type,mean_accuracy,mean_f1,AU1_precision,AU1_recall,AU1_f1,AU2_precision,AU2_recall,AU2_f1,AU4_precision,AU4_recall,AU4_f1,AU6_precision,AU6_recall,AU6_f1,AU7_precision,AU7_recall,AU7_f1,AU10_precision,AU10_recall,AU10_f1,AU12_precision,AU12_recall,AU12_f1,AU14_precision,AU14_recall,AU14_f1,AU15_precision,AU15_recall,AU15_f1,AU17_precision,AU17_recall,AU17_f1,AU23_precision,AU23_recall,AU23_f1,AU24_precision,AU24_recall,AU24_f1
test2,FMAE,original,0.9408333373069763,0.5530129482000047,0.0,0.0,0.0,0.0,0.0,0.0,0.9999999900000002,0.9999999900000002,0.9999994900002502,0.5681818052685954,0.9999999600000016,0.724637198067926,0.886792436098256,0.886792436098256,0.8867919360985379,0.9999999900000002,0.9999999900000002,0.9999994900002502,0.9259258916323744,0.9259258916323744,0.9259253916326444,0.9493670765902902,0.9999999866666669,0.9740254617138676,0.0,0.0,0.0,0.9999999333333378,0.7894736426592819,0.8823523961940494,0.0,0.0,0.0,0.9999997500000625,0.13793102972651622,0.24242401469253164
test2,FMAE,low,0.9024999988079071,0.5208083383815648,0.0,0.0,0.0,0.0,0.0,0.0,0.9999999900000002,0.9999999900000002,0.9999994900002502,0.8064515868886585,0.9999999600000016,0.8928566167094579,0.7678571291454085,0.8113207394090427,0.7889903115902503,0.9999999892473119,0.9299999907000002,0.9637300606193359,0.899999970000001,0.9999999629629643,0.9473678891969395,0.8152173824432893,0.9999999866666669,0.8982030872389689,0.0,0.0,0.0,0.37209301460248806,0.8421052188365674,0.516128590531043,0.0,0.0,0.0,0.9999997500000625,0.13793102972651622,0.24242401469253164
test2,FMAE,high,0.7624999994039535,0.32062194405743893,0.0,0.0,0.0,0.0,0.0,0.0,0.0,0.0,0.0,0.9545454111570267,0.8399999664000013,0.8936164852877392,0.9599999616000015,0.45283018013527965,0.6153841640371234,0.9999999896907218,0.9699999903000002,0.9847710637225865,0.37142856612244907,0.9629629272976693,0.5360820614308425,0.7738095145975058,0.8666666551111113,0.817609554210976,0.0,0.0,0.0,0.0,0.0,0.0,0.0,0.0,0.0,0.0,0.0,0.0
