test_set,model_type,filter_type,mean_accuracy,mean_f1,AU1_precision,AU1_recall,AU1_f1,AU2_precision,AU2_recall,AU2_f1,AU4_precision,AU4_recall,AU4_f1,AU6_precision,AU6_recall,AU6_f1,AU7_precision,AU7_recall,AU7_f1,AU10_precision,AU10_recall,AU10_f1,AU12_precision,AU12_recall,AU12_f1,AU14_precision,AU14_recall,AU14_f1,AU15_precision,AU15_recall,AU15_f1,AU17_precision,AU17_recall,AU17_f1,AU23_precision,AU23_recall,AU23_f1,AU24_precision,AU24_recall,AU24_f1
test3,FMAE,original,0.976666669845581,0.7981132110891357,0.9999999888888891,0.9999999888888891,0.999999488889139,0.999999983870968,0.8985507116152072,0.9465643724727295,0.9999999888888891,0.9999999888888891,0.999999488889139,0.9999999888888891,0.9999999888888891,0.999999488889139,0.9999999888888891,0.9999999888888891,0.999999488889139,0.9999999888888891,0.9999999888888891,0.999999488889139,0.9545454111570267,0.8399999664000013,0.8936164852877392,0.9999999892473119,0.9299999907000002,0.9637300606193359,0.0,0.0,0.0,0.9821428396045921,0.9649122637734691,0.9734508102438157,0.0,0.0,0.0,0.6666665555555741,0.9999997500000625,0.7999993600003121
test3,FMAE,low,0.9416666728258133,0.7238024741148531,0.9999999888888891,0.9999999888888891,0.999999488889139,0.9830508307957486,0.8405796979626131,0.9062494888918743,0.9999999888888891,0.9999999888888891,0.999999488889139,0.9999999888888891,0.9999999888888891,0.999999488889139,0.9999999888888891,0.9999999888888891,0.999999488889139,0.9999999888888891,0.9999999888888891,0.999999488889139,0.47058822145328766,0.639999974400001,0.5423723746054382,0.9999999883720931,0.8599999914,0.9247306756853176,0.0,0.0,0.0,0.9122806857494616,0.9122806857494616,0.9122801857497358,0.0,0.0,0.0,0.9999990000010001,0.24999993750001562,0.399999520000176
test3,FMAE,high,0.5991666677594185,0.3024288204519175,0.9999997500000625,0.04444444395061729,0.08510629968317479,0.0,0.0,0.0,0.9999997500000625,0.04444444395061729,0.08510629968317479,0.9999997500000625,0.04444444395061729,0.08510629968317479,0.9999999861111113,0.7999999911111112,0.8888883840880659,0.9999999875000002,0.8888888790123458,0.9411759612459387,0.4489795826738861,0.8799999648000014,0.5945941311179385,0.9999999846153849,0.6499999935,0.7878783008267353,0.0,0.0,0.0,0.99999980000004,0.08771929670667901,0.16129016909480684,0.0,0.0,0.0,0.0,0.0,0.0
