test_set,model_type,filter_type,mean_accuracy,mean_f1,mean_auc,optimal_threshold,AU1_precision,AU1_recall,AU1_f1,AU1_auc,AU2_precision,AU2_recall,AU2_f1,AU2_auc,AU4_precision,AU4_recall,AU4_f1,AU4_auc,AU6_precision,AU6_recall,AU6_f1,AU6_auc,AU7_precision,AU7_recall,AU7_f1,AU7_auc,AU10_precision,AU10_recall,AU10_f1,AU10_auc,AU12_precision,AU12_recall,AU12_f1,AU12_auc,AU14_precision,AU14_recall,AU14_f1,AU14_auc,AU15_precision,AU15_recall,AU15_f1,AU15_auc,AU17_precision,AU17_recall,AU17_f1,AU17_auc,AU23_precision,AU23_recall,AU23_f1,AU23_auc,AU24_precision,AU24_recall,AU24_f1,AU24_auc
test2,FMAE,original,0.5189235925417248,0.4898003547357,0.41074399314338916,0.01,0.1784541662929618,0.9999999998756837,0.3028614457831325,0.39458513691278224,0.15027952790508742,0.9999999998523766,0.2612921890067502,0.2920937150044176,0.12953678232031376,0.9999999998287378,0.2293626632622999,0.7070977259961284,0.5015085633041639,0.9999999999557639,0.6680062645902899,0.2231743398976315,0.6035806193849592,0.9999999999632447,0.7527911127097657,0.4229326263326161,0.6251663856459054,0.9999999999645138,0.7693567762367588,0.24670151665530843,0.6489262578611916,0.9999999999658131,0.7870894829604316,0.27527773857719884,0.5069438281900137,0.9999999999562382,0.6728105171728473,0.42418953243290436,0.1647661726824748,0.999999999865356,0.28291716663809685,0.4780712977202207,0.38257609369991624,0.9999999999420122,0.5534250092264245,0.5440253129107269,0.19109947643555109,0.9999999998839099,0.3208791208791209,0.472404951664026,0.16063980832015617,0.9999999998618975,0.27681250836248256,0.448374023616709
