test_set,model_type,filter_type,mean_accuracy,mean_f1,AU1_precision,AU1_recall,AU1_f1,AU2_precision,AU2_recall,AU2_f1,AU4_precision,AU4_recall,AU4_f1,AU6_precision,AU6_recall,AU6_f1,AU7_precision,AU7_recall,AU7_f1,AU10_precision,AU10_recall,AU10_f1,AU12_precision,AU12_recall,AU12_f1,AU14_precision,AU14_recall,AU14_f1,AU15_precision,AU15_recall,AU15_f1,AU17_precision,AU17_recall,AU17_f1,AU23_precision,AU23_recall,AU23_f1,AU24_precision,AU24_recall,AU24_f1
test3,IAT,original,0.9341666710376739,0.775452511210196,0.9999999888888891,0.9999999888888891,0.999999488889139,0.9999999642857155,0.4057970955681581,0.5773191650550236,0.9999999888888891,0.9999999888888891,0.999999488889139,0.9999999888888891,0.9999999888888891,0.999999488889139,0.9999999887640451,0.9888888779012347,0.9944128967263213,0.9999999888888891,0.9999999888888891,0.999999488889139,0.9999999473684238,0.7599999696000012,0.8636358336779657,0.99999998989899,0.9899999901000002,0.9949743643849892,0.09090908264462885,0.24999993750001562,0.13333292444556505,0.9787233834314174,0.8070175297014469,0.8846148722266091,0.0,0.0,0.0,0.9999996666667778,0.7499998125000469,0.8571421224493236
test3,IAT,low,0.8241666603088379,0.6133246293126686,0.9999999888888891,0.9999999888888891,0.999999488889139,0.99999980000004,0.07246376706574251,0.13513500547854881,0.9999999888888891,0.9999999888888891,0.999999488889139,0.9999999879518074,0.9222222119753087,0.9595370619802792,0.9473684110803325,0.9999999888888891,0.9729724628198331,0.9999999888888891,0.9999999888888891,0.999999488889139,0.4999999900000002,0.9999999600000016,0.6666662044447382,0.9999999791666672,0.4799999952000001,0.6486482016073071,0.0,0.0,0.0,0.8163265139525202,0.7017543736534321,0.7547164697404489,0.0,0.0,0.0,0.199999960000008,0.24999993750001562,0.2222216790134513
test3,IAT,high,0.6441666653752327,0.45280942893944687,0.9999999615384629,0.2888888856790124,0.4482755065400983,0.99999980000004,0.07246376706574251,0.13513500547854881,0.9999996666667778,0.03333333296296297,0.06451606520989249,0.9999999756097567,0.45555555049382723,0.6259537588721541,0.9999999791666672,0.5333333274074075,0.6956517101452223,0.9999999880952383,0.9333333229629631,0.9655167308761998,0.35820894987747837,0.9599999616000015,0.5217387232989728,0.9999999882352942,0.8499999915,0.9189184122719998,0.1428571224489825,0.24999993750001562,0.1818176859515838,0.7407407133058995,0.35087718682671604,0.4761900286285148,0.0,0.0,0.0,0.9999990000010001,0.24999993750001562,0.399999520000176
