test_set,model_type,filter_type,mean_accuracy,mean_f1,mean_auc,optimal_threshold,AU1_precision,AU1_recall,AU1_f1,AU1_auc,AU2_precision,AU2_recall,AU2_f1,AU2_auc,AU4_precision,AU4_recall,AU4_f1,AU4_auc,AU6_precision,AU6_recall,AU6_f1,AU6_auc,AU7_precision,AU7_recall,AU7_f1,AU7_auc,AU10_precision,AU10_recall,AU10_f1,AU10_auc,AU12_precision,AU12_recall,AU12_f1,AU12_auc,AU14_precision,AU14_recall,AU14_f1,AU14_auc,AU15_precision,AU15_recall,AU15_f1,AU15_auc,AU17_precision,AU17_recall,AU17_f1,AU17_auc,AU23_precision,AU23_recall,AU23_f1,AU23_auc,AU24_precision,AU24_recall,AU24_f1,AU24_auc
test2,FMAE,original,0.9483333420753479,0.3213800904977375,0.629720231096952,0.14,0.0,0.0,0.0,0.5,0.0,0.0,0.0,0.5,0.9999999800000005,0.9999999800000005,1.0,0.5,0.0,0.0,0.0,0.5,0.06122448854643901,0.9999996666667778,0.11538461538461539,0.624113475177305,0.9999999800000005,0.9999999800000005,1.0,0.5,0.0,0.0,0.0,0.5,0.4999999900000002,0.9999999600000016,0.6666666666666666,1.0,0.0,0.0,0.0,0.5,0.0714285697278912,0.9999996666667778,0.13333333333333333,0.950354609929078,0.0,0.0,0.0,0.5,0.9411764152249167,0.9411764152249167,0.9411764705882353,0.982174688057041
